image,grid,quantization_error,mse,psnr,original_colors,used_colors
image1,4,0.07608865201473236,0.003243534592911601,24.889814658760372,88207,16
image1,8,0.03826272487640381,0.0008303340873681009,30.80747132795773,88207,64
image1,16,0.022123295813798904,0.00027307102573104203,35.63724378339514,88207,256
image2,4,0.07046374678611755,0.002517437096685171,25.990413723746727,81581,16
image2,8,0.036651235073804855,0.0006663702079094946,31.762844276122753,81581,63
image2,16,0.02148214727640152,0.0002592604432720691,35.862637407669446,81581,256
image3,4,0.06745830178260803,0.0020973272621631622,26.783337979264807,73373,16
image3,8,0.0332980640232563,0.0005516460514627397,32.583394860398215,73373,62
image3,16,0.017386071383953094,0.00014533840294461697,38.37619616374428,73373,251
image4,4,0.07097214460372925,0.002390890149399638,26.21440377295152,88833,16
image4,8,0.035697631537914276,0.000669990899041295,31.739310965872185,88833,64
image4,16,0.019612664356827736,0.00021797633962705731,36.61590644592976,88833,256
image5,4,0.050219450145959854,0.0014787005493417382,28.301197657838664,55122,16
image5,8,0.02696155570447445,0.00043186990660615265,33.64647057240363,55122,64
image5,16,0.015339144505560398,0.0001517050841357559,38.189998643345305,55122,255
