image,neurons,quantization_error,mse,psnr,original_colors,used_colors
image1,16,0.0636427992091379,0.0019233099863239587,27.159507134212355,88207,16
image1,64,0.03223793071293039,0.00048581522551891724,33.13528878466185,88207,64
image1,256,0.018525804030727306,0.00015290427229523807,38.15580379804649,88207,256
image2,16,0.054989492333030396,0.0013032096232022897,28.84985721756467,81581,16
image2,64,0.02856876311360442,0.00033889483892386946,34.69935045042679,81581,64
image2,256,0.016080812828394176,0.00010763064714173206,39.68064048470671,81581,256
image3,16,0.05177576972508707,0.0012093343981851034,29.174535939233543,73373,16
image3,64,0.026160341392338145,0.0003027974352035028,35.1884780777726,73373,64
image3,256,0.014705253899049961,9.361662948699856e-05,40.28646998986702,73373,256
image4,16,0.05411323874442345,0.0013424929359134616,28.720879908439557,88833,16
image4,64,0.02890776293714864,0.00038616366227120096,34.132285954390234,88833,64
image4,256,0.016984031413256436,0.00013402654612581377,38.72809174066945,88833,252
image5,16,0.03988697662468845,0.0007651108237106255,31.162756542057583,55122,16
image5,64,0.02143544348906855,0.00021462978041096787,36.68310018759465,55122,64
image5,256,0.012629225829399137,7.275769376888546e-05,41.38121075404605,55122,255
